etf,ticker,name,weight_pct,sector,location
EMRG,2330,TAIWAN SEMICONDUCTOR MANUFACTURING,14.17,Information Technology,Taiwan
EMRG,005930,SAMSUNG ELECTRONICS LTD,7.6,Information Technology,Korea (South)
EMRG,000660,SK HYNIX INC,6.4,Information Technology,Korea (South)
EMRG,700,TENCENT HOLDINGS LTD,2.78,Communication,China
EMRG,9988,ALIBABA GROUP HOLDING LTD,2.14,Consumer Discretionary,China
EMRG,2454,MEDIATEK INC,1.77,Information Technology,Taiwan
EMRG,2308,DELTA ELECTRONICS INC,1.23,Information Technology,Taiwan
EMRG,2317,HON HAI PRECISION INDUSTRY LTD,0.83,Information Technology,Taiwan
EMRG,939,CHINA CONSTRUCTION BANK CORP H,0.83,Financials,China
EMRG,005935,SAMSUNG ELECTRONICS NON VOTING PRE,0.82,Information Technology,Korea (South)
EMRG,HDFCBANK,HDFC BANK LTD,0.71,Financials,India
EMRG,RELIANCE,RELIANCE INDUSTRIES LTD,0.67,Energy,India
EMRG,402340,SK SQUARE LTD,0.62,Industrials,Korea (South)
EMRG,ICICIBANK,ICICI BANK LTD,0.56,Financials,India
EMRG,3711,ASE TECHNOLOGY HOLDING LTD,0.53,Information Technology,Taiwan
EMRG,1810,XIAOMI CORP,0.49,Information Technology,China
EMRG,009150,SAMSUNG ELECTRO MECHANICS LTD,0.48,Information Technology,Korea (South)
EMRG,PDD,PDD HOLDINGS ADS INC,0.48,Consumer Discretionary,China
EMRG,VALE3,CIA VALE DO RIO DOCE SH,0.47,Materials,Brazil
EMRG,005380,HYUNDAI MOTOR,0.47,Consumer Discretionary,Korea (South)
EMRG,1398,INDUSTRIAL AND COMMERCIAL BANK OF,0.44,Financials,China
EMRG,1120,AL RAJHI BANK,0.42,Financials,Saudi Arabia
EMRG,2383,ELITE MATERIAL LTD,0.41,Information Technology,Taiwan
EMRG,2303,UNITED MICRO ELECTRONICS CORP,0.41,Information Technology,Taiwan
EMRG,2318,PING AN INSURANCE (GROUP) CO OF CH,0.4,Financials,China
EMRG,3690,MEITUAN,0.39,Consumer Discretionary,China
EMRG,BHARTIARTL,BHARTI AIRTEL LTD,0.39,Communication,India
EMRG,3988,BANK OF CHINA LTD H,0.37,Financials,China
EMRG,ANG,ANGLOGOLD ASHANTI PLC,0.37,Materials,South Africa
EMRG,2222,SAUDI ARABIAN OIL,0.36,Energy,Saudi Arabia
EMRG,3037,UNIMICRON TECHNOLOGY CORP,0.36,Information Technology,Taiwan
EMRG,NU,NU HOLDINGS CLASS A,0.35,Financials,Brazil
EMRG,9999,NETEASE INC,0.34,Communication,China
EMRG,ITUB4,ITAU UNIBANCO HOLDING PREF SA,0.34,Financials,Brazil
EMRG,1211,BYD LTD H,0.33,Consumer Discretionary,China
EMRG,2345,ACCTON TECHNOLOGY CORP,0.33,Information Technology,Taiwan
EMRG,NPN,NASPERS LIMITED LTD CLASS N,0.32,Consumer Discretionary,South Africa
EMRG,XTSLA,BLK CSH FND TREASURY SL AGENCY,0.32,Cash and/or Derivatives,United States
EMRG,INFY,INFOSYS LTD,0.31,Information Technology,India
EMRG,PETR4,PETROLEO BRASILEIRO PREF SA,0.3,Energy,Brazil
EMRG,GMEXICOB,GRUPO MEXICO B,0.3,Materials,Mexico
EMRG,2327,YAGEO CORP,0.29,Information Technology,Taiwan
EMRG,9888,BAIDU CLASS A INC,0.29,Communication,China
EMRG,105560,KB FINANCIAL GROUP INC,0.29,Financials,Korea (South)
EMRG,9618,JD.COM CLASS A INC,0.28,Consumer Discretionary,China
EMRG,GFI,GOLD FIELDS LTD,0.28,Materials,South Africa
EMRG,PETR3,PETROLEO BRASILEIRO SA PETROBRAS,0.28,Energy,Brazil
EMRG,DELTA.R,DELTA ELECTRONICS (THAILAND) NON-V,0.27,Information Technology,Thailand
EMRG,AXISBANK,AXIS BANK LTD,0.25,Financials,India
EMRG,2360,CHROMA ATE INC,0.25,Information Technology,Taiwan
EMRG,034020,DOOSAN ENERBILITY LTD,0.25,Industrials,Korea (South)
EMRG,1180,THE SAUDI NATIONAL BANK,0.25,Financials,Saudi Arabia
EMRG,2891,CTBC FINANCIAL HOLDING LTD,0.25,Financials,Taiwan
EMRG,OTP,OTP BANK,0.24,Financials,Hungary
EMRG,M&M,MAHINDRA AND MAHINDRA LTD,0.24,Consumer Discretionary,India
EMRG,KFH,KUWAIT FINANCE HOUSE,0.23,Financials,Kuwait
EMRG,857,PETROCHINA LTD H,0.23,Energy,China
EMRG,3017,ASIA VITAL COMPONENTS LTD,0.23,Information Technology,Taiwan
EMRG,FSR,FIRSTRAND LTD,0.23,Financials,South Africa
EMRG,9961,TRIP.COM GROUP LTD,0.23,Consumer Discretionary,China
EMRG,2881,FUBON FINANCIAL HOLDING LTD,0.23,Financials,Taiwan
EMRG,GFNORTEO,GPO FINANCE BANORTE,0.23,Financials,Mexico
EMRG,LT,LARSEN AND TOUBRO LTD,0.22,Industrials,India
EMRG,055550,SHINHAN FINANCIAL GROUP LTD,0.22,Financials,Korea (South)
EMRG,2628,CHINA LIFE INSURANCE LTD H,0.22,Financials,China
EMRG,012450,HANWHA AEROSPACE LTD,0.22,Industrials,Korea (South)
EMRG,2382,QUANTA COMPUTER INC,0.21,Information Technology,Taiwan
EMRG,BAJFINANCE,BAJAJ FINANCE LTD,0.21,Financials,India
EMRG,012330,HYUNDAI MOBIS LTD,0.21,Consumer Discretionary,Korea (South)
EMRG,006400,SAMSUNG SDI LTD,0.2,Information Technology,Korea (South)
EMRG,2899,ZIJIN MINING GROUP LTD H,0.2,Materials,China
EMRG,PKO,POWSZECHNA KASA OSZCZEDNOSCI BANK,0.2,Financials,Poland
EMRG,000270,KIA CORPORATION,0.2,Consumer Discretionary,Korea (South)
EMRG,2882,CATHAY FINANCIAL HOLDING LTD,0.2,Financials,Taiwan
EMRG,SBK,STANDARD BANK GROUP,0.2,Financials,South Africa
EMRG,7010,SAUDI TELECOM,0.19,Communication,Saudi Arabia
EMRG,NBK,NATIONAL BANK OF KUWAIT,0.19,Financials,Kuwait
EMRG,CPI,CAPITEC LTD,0.19,Financials,South Africa
EMRG,028260,SAMSUNG C&T CORP,0.18,Industrials,Korea (South)
EMRG,3968,CHINA MERCHANTS BANK LTD H,0.18,Financials,China
EMRG,AMXB,AMERICA MOVIL B,0.18,Communication,Mexico
EMRG,BAP,CREDICORP LTD,0.18,Financials,Peru
EMRG,QNBK,QATAR NATIONAL BANK,0.18,Financials,Qatar
EMRG,TCS,TATA CONSULTANCY SERVICES LTD,0.17,Information Technology,India
EMRG,PKN,ORLEN SA,0.17,Energy,Poland
EMRG,086790,HANA FINANCIAL GROUP INC,0.17,Financials,Korea (South)
EMRG,KOTAKBANK,KOTAK MAHINDRA BANK LTD,0.17,Financials,India
EMRG,VAL,VALTERRA PLATINUM LTD,0.17,Materials,South Africa
EMRG,MTN,MTN GROUP LTD,0.17,Communication,South Africa
EMRG,CEMEXCPO,CEMEX CPO,0.16,Materials,Mexico
EMRG,1288,AGRICULTURAL BANK OF CHINA LTD H,0.16,Financials,China
EMRG,FEMSAUBD,FOMENTO ECONOMICO MEXICANO,0.16,Consumer Staples,Mexico
EMRG,FAB,FIRST ABU DHABI BANK,0.16,Financials,United Arab Emirates
EMRG,005490,POSCO,0.16,Materials,Korea (South)
EMRG,2885,YUANTA FINANCIAL HOLDING LTD,0.16,Financials,Taiwan
EMRG,EMAAR,EMAAR PROPERTIES,0.16,Real Estate,United Arab Emirates
EMRG,7769,HONPRECISION INC,0.16,Information Technology,Taiwan
EMRG,032830,SAMSUNG LIFE LTD,0.15,Financials,Korea (South)
EMRG,6160,BEONE MEDICINES AG,0.15,Health Care,China
EMRG,068270,CELLTRION INC,0.15,Health Care,Korea (South)
EMRG,HINDUNILVR,HINDUSTAN UNILEVER LTD,0.15,Consumer Staples,India
EMRG,1088,CHINA SHENHUA ENERGY LTD H,0.15,Energy,China
EMRG,992,LENOVO GROUP LTD,0.15,Information Technology,China
EMRG,1211,SAUDI ARABIAN MINING,0.15,Materials,Saudi Arabia
EMRG,BBDC4,BANCO BRADESCO PREF SA,0.15,Financials,Brazil
EMRG,BBCA,BANK CENTRAL ASIA,0.15,Financials,Indonesia
EMRG,SBIN,STATE BANK OF INDIA,0.15,Financials,India
EMRG,035420,NAVER CORP,0.15,Communication,Korea (South)
EMRG,SUNPHARMA,SUN PHARMACEUTICAL INDUSTRIES LTD,0.15,Health Care,India
EMRG,SCCO,SOUTHERN COPPER CORP,0.14,Materials,Peru
EMRG,5274,ASPEED TECHNOLOGY INC,0.14,Information Technology,Taiwan
EMRG,MARUTI,MARUTI SUZUKI INDIA LTD,0.14,Consumer Discretionary,India
EMRG,329180,HD HYUNDAI HEAVY INDUSTRIES LTD,0.14,Industrials,Korea (South)
EMRG,6669,WIWYNN CORPORATION,0.14,Information Technology,Taiwan
EMRG,NTPC,NTPC LTD,0.14,Utilities,India
EMRG,PBBANK,PUBLIC BANK,0.14,Financials,Malaysia
EMRG,267260,HD HYUNDAI ELECTRIC LTD,0.13,Industrials,Korea (South)
EMRG,B3SA3,B3 BRASIL BOLSA BALCAO SA,0.13,Financials,Brazil
EMRG,2357,ASUSTEK COMPUTER INC,0.13,Information Technology,Taiwan
EMRG,MAYBANK,MALAYAN BANKING,0.13,Financials,Malaysia
EMRG,066570,LG ELECTRONICS INC,0.13,Consumer Discretionary,Korea (South)
EMRG,300750,CONTEMPORARY AMPEREX TECHNOLOGY LT,0.13,Industrials,China
EMRG,034730,SK INC,0.13,Industrials,Korea (South)
EMRG,TATASTEEL,TATA STEEL LTD,0.13,Materials,India
EMRG,2412,CHUNGHWA TELECOM LTD,0.13,Communication,Taiwan
EMRG,WALMEX*,WALMART DE MEXICO V,0.13,Consumer Staples,Mexico
EMRG,HINDALCO,HINDALCO INDUSTRIES LTD,0.13,Materials,India
EMRG,BEL,BHARAT ELECTRONICS LTD,0.13,Industrials,India
EMRG,EAND,EMIRATES TELECOM,0.13,Communication,United Arab Emirates
EMRG,CIMB,CIMB GROUP HOLDINGS,0.12,Financials,Malaysia
EMRG,ABEV3,AMBEV SA,0.12,Consumer Staples,Brazil
EMRG,1303,NAN YA PLASTICS CORP,0.12,Materials,Taiwan
EMRG,ETE,NATIONAL BANK OF GREECE SA,0.12,Financials,Greece
EMRG,175,GEELY AUTOMOBILE HOLDINGS LTD,0.12,Consumer Discretionary,China
EMRG,2887,TS FINANCIAL HOLDING LTD,0.12,Financials,Taiwan
EMRG,9987,YUM CHINA HOLDINGS INC,0.12,Consumer Discretionary,China
EMRG,2301,LITE ON TECHNOLOGY CORP,0.12,Information Technology,Taiwan
EMRG,TITAN,TITAN COMPANY LTD,0.12,Consumer Discretionary,India
EMRG,ITSA4,ITAUSA INVESTIMENTOS ITAU PREF SA,0.12,Financials,Brazil
EMRG,2269,WUXI BIOLOGICS CAYMAN INC,0.12,Health Care,China
EMRG,2886,MEGA FINANCIAL HOLDING LTD,0.12,Financials,Taiwan
EMRG,1801,INNOVENT BIOLOGICS INC,0.12,Health Care,China
EMRG,1024,KUAISHOU TECHNOLOGY,0.12,Communication,China
EMRG,POWERGRID,POWER GRID CORPORATION OF INDIA LT,0.12,Utilities,India
EMRG,EMIRATESNBD,EMIRATES NBD,0.11,Financials,United Arab Emirates
EMRG,ULTRACEMCO,ULTRATECH CEMENT LTD,0.11,Materials,India
EMRG,2368,GOLD CIRCUIT ELECTRONICS LTD,0.11,Information Technology,Taiwan
EMRG,3750,CONTEMPORARY AMPEREX TECHNOLOGY LT,0.11,Industrials,China
EMRG,2884,E.SUN FINANCIAL HOLDING LTD,0.11,Financials,Taiwan
EMRG,WEGE3,WEG SA,0.11,Industrials,Brazil
EMRG,1347,HUA HONG SEMICONDUCTOR LTD,0.11,Information Technology,China
EMRG,3443,GLOBAL UNICHIP CORP,0.11,Information Technology,Taiwan
EMRG,SHFL,SHRIRAM FINANCE LTD,0.11,Financials,India
EMRG,1109,CHINA RESOURCES LAND LTD,0.11,Real Estate,China
EMRG,2010,SAUDI BASIC INDUSTRIES,0.11,Materials,Saudi Arabia
EMRG,3231,WISTRON CORP,0.11,Information Technology,Taiwan
EMRG,SBSP3,COMPANHIA DE SANEAMENTO BASICO DE,0.11,Utilities,Brazil
EMRG,010140,SAMSUNG HEAVY INDUSTRIES LTD,0.11,Industrials,Korea (South)
EMRG,298040,HYOSUNG HEAVY INDUSTRIES CORP,0.11,Industrials,Korea (South)
EMRG,600519,KWEICHOW MOUTAI LTD A,0.11,Consumer Staples,China
EMRG,316140,WOORI FINANCIAL GROUP INC,0.11,Financials,Korea (South)
EMRG,2328,PICC PROPERTY AND CASUALTY LTD H,0.1,Financials,China
EMRG,ICT,INTERNATIONAL CONTAINER TERMINAL S,0.1,Industrials,Philippines
EMRG,386,CHINA PETROLEUM AND CHEMICAL CORP,0.1,Energy,China
EMRG,BPAC11,BCO BTG PACTUAL UNT SA,0.1,Financials,Brazil
EMRG,4958,ZHEN DING TECHNOLOGY HOLDING LTD,0.1,Information Technology,Taiwan
EMRG,KGH,KGHM POLSKA MIEDZ SA,0.1,Materials,Poland
EMRG,AXIA3,CENTRAIS ELETR BRAS-ELETROBRAS SA,0.1,Utilities,Brazil
EMRG,ABG,ABSA GROUP LTD,0.1,Financials,South Africa
EMRG,009540,HD KOREA SHIPBUILDING & OFFSHORE E,0.1,Industrials,Korea (South)
EMRG,042660,HANWHA OCEAN LTD,0.1,Industrials,Korea (South)
EMRG,2020,ANTA SPORTS PRODUCTS LTD,0.1,Consumer Discretionary,China
EMRG,PEO,BANK PEKAO SA,0.1,Financials,Poland
EMRG,EUROB,EUROBANK SA,0.1,Financials,Greece
EMRG,IMP,IMPALA PLATINUM LTD,0.1,Materials,South Africa
EMRG,TPEIR,PIRAEUS BANK SA,0.1,Financials,Greece
EMRG,010120,LS ELECTRIC LTD,0.1,Industrials,Korea (South)
EMRG,PE&OLES*,INDUST PENOLES,0.09,Materials,Mexico
EMRG,QIBK,QATAR ISLAMIC BANK,0.09,Financials,Qatar
EMRG,2883,KGI FINANCIAL HOLDING LTD,0.09,Financials,Taiwan
EMRG,000810,SAMSUNG FIRE & MARINE INSURANCE LT,0.09,Financials,Korea (South)
EMRG,2082,ACWA POWER CO,0.09,Utilities,Saudi Arabia
EMRG,3008,LARGAN PRECISION LTD,0.09,Information Technology,Taiwan
EMRG,HCLTECH,HCL TECHNOLOGIES LTD,0.09,Information Technology,India
EMRG,2890,SINOPAC FINANCIAL HOLDINGS LTD,0.09,Financials,Taiwan
EMRG,3665,BIZLINK HOLDING INC,0.09,Industrials,Taiwan
EMRG,BBRI,BANK RAKYAT INDONESIA (PERSERO),0.09,Financials,Indonesia
EMRG,ADCB,ABU DHABI COMMERCIAL BANK,0.09,Financials,United Arab Emirates
EMRG,373220,LG ENERGY SOLUTION LTD,0.09,Industrials,Korea (South)
EMRG,SQM.B,SOCIEDAD QUIMICA Y MINERA DE CHILE,0.09,Materials,Chile
EMRG,033780,KT&G CORP,0.09,Consumer Staples,Korea (South)
EMRG,3481,INNOLUX CORP,0.09,Information Technology,Taiwan
EMRG,9633,NONGFU SPRING LTD H,0.09,Consumer Staples,China
EMRG,1378,CHINA HONGQIAO GROUP LTD,0.09,Materials,China
EMRG,PTT.R,PTT NON-VOTING DR PCL,0.09,Energy,Thailand
EMRG,3661,ALCHIP TECHNOLOGIES LTD,0.09,Information Technology,Taiwan
EMRG,2449,KING YUAN ELECTRONICS LTD,0.09,Information Technology,Taiwan
EMRG,ADVANC.R,ADVANCED INFO SERVICE NON-VOTING D,0.09,Communication,Thailand
EMRG,2423,KE HOLDINGS INC,0.09,Real Estate,China
EMRG,HKD,HKD CASH,0.09,Cash and/or Derivatives,Hong Kong
EMRG,051910,LG CHEM LTD,0.09,Materials,Korea (South)
EMRG,300308,ZHONGJI INNOLIGHT LTD A,0.09,Information Technology,China
EMRG,PZU,PZU SA,0.08,Financials,Poland
EMRG,ASIANPAINT,ASIAN PAINTS LTD,0.08,Materials,India
EMRG,1216,UNI-PRESIDENT ENTERPRISES CORP,0.08,Consumer Staples,Taiwan
EMRG,EICHERMOT,EICHER MOTORS LTD,0.08,Consumer Discretionary,India
EMRG,207940,SAMSUNG BIOLOGICS LTD,0.08,Health Care,Korea (South)
EMRG,TENAGA,TENAGA NASIONAL,0.08,Utilities,Malaysia
EMRG,1150,ALINMA BANK,0.08,Financials,Saudi Arabia
EMRG,086520,ECOPRO LTD,0.08,Industrials,Korea (South)
EMRG,2015,LI AUTO CLASS A INC,0.08,Consumer Discretionary,China
EMRG,SLM,SANLAM LIMITED LTD,0.08,Financials,South Africa
EMRG,NESTLEIND,NESTLE INDIA LTD,0.08,Consumer Staples,India
EMRG,3653,JENTECH PRECISION INDUSTRIAL LTD,0.08,Information Technology,Taiwan
EMRG,EMBJ3,EMBRAER SA,0.08,Industrials,Brazil
EMRG,ADANIPORTS,ADANI PORTS AND SPECIAL ECONOMIC Z,0.08,Industrials,India
EMRG,196170,ALTEOGEN INC,0.08,Health Care,Korea (South)
EMRG,PRIO3,PETRO RIO SA,0.08,Energy,Brazil
EMRG,2338,WEICHAI POWER LTD H,0.08,Industrials,China
EMRG,064350,HYUNDAI-ROTEM,0.08,Industrials,Korea (South)
EMRG,6869,YANGTZE OPTICAL FIBRE AND CABLE JO,0.08,Information Technology,China
EMRG,1010,RIYAD BANK,0.08,Financials,Saudi Arabia
EMRG,2601,CHINA PACIFIC INSURANCE (GROUP) LT,0.08,Financials,China
EMRG,ASELS.E,ASELSAN ELEKTRONIK SANAYI VE TICAR,0.08,Industrials,Turkey
EMRG,9866,NIO CLASS A INC,0.08,Consumer Discretionary,China
EMRG,9868,XPENG CLASS A INC,0.08,Consumer Discretionary,China
EMRG,2892,FIRST FINANCIAL HOLDING LTD,0.08,Financials,Taiwan
EMRG,HAR,HARMONY GOLD MINING COMPANY LIMITE,0.08,Materials,South Africa
EMRG,9992,POP MART INTERNATIONAL GROUP LTD,0.08,Consumer Discretionary,China
EMRG,HTHT,H WORLD GROUP ADR LTD,0.07,Consumer Discretionary,China
EMRG,ONGC,OIL AND NATURAL GAS LTD,0.07,Energy,India
EMRG,PMETAL,PRESS METAL ALUMINIUM HOLDINGS,0.07,Materials,Malaysia
EMRG,DIVISLAB,DIVIS LABORATORIES LTD,0.07,Health Care,India
EMRG,6446,PHARMAESSENTIA CORP,0.07,Health Care,Taiwan
EMRG,2020,SABIC AGRI-NUTRIENTS,0.07,Materials,Saudi Arabia
EMRG,TVSMOTOR,TVS MOTOR COMPANY LTD,0.07,Consumer Discretionary,India
EMRG,BID,BID CORPORATION LTD,0.07,Consumer Staples,South Africa
EMRG,EQTL3,EQUATORIAL SA,0.07,Utilities,Brazil
EMRG,2059,KING SLIDE WORKS LTD,0.07,Information Technology,Taiwan
EMRG,TLKM,TELEKOMUNIKASI INDONESIA,0.07,Communication,Indonesia
EMRG,JSWSTEEL,JSW STEEL LTD,0.07,Materials,India
EMRG,INDIGO,INTERGLOBE AVIATION LTD,0.07,Industrials,India
EMRG,3993,CMOC GROUP LTD,0.07,Materials,China
EMRG,COALINDIA,COAL INDIA LTD,0.07,Energy,India
EMRG,042700,HANMI SEMICONDUCTOR LTD,0.07,Information Technology,Korea (South)
EMRG,1060,SAUDI AWWAL BANK,0.07,Financials,Saudi Arabia
EMRG,GRASIM,GRASIM INDUSTRIES LTD,0.07,Materials,India
EMRG,GAPB,GRUPO AEROPORTUARIO DEL PACIFICO,0.07,Industrials,Mexico
EMRG,2379,REALTEK SEMICONDUCTOR CORP,0.07,Information Technology,Taiwan
EMRG,APOLLOHOSP,APOLLO HOSPITALS ENTERPRISE LTD,0.07,Health Care,India
EMRG,HAL,HINDUSTAN AERONAUTICS LTD,0.07,Industrials,India
EMRG,ITC,ITC LTD,0.07,Consumer Staples,India
EMRG,9926,AKESO INC,0.07,Health Care,China
EMRG,2057,ZTO EXPRESS (CAYMAN) INC,0.07,Industrials,China
EMRG,DSY,DISCOVERY LTD,0.07,Financials,South Africa
EMRG,GULF.R,GULF DEVELOPMENT NON-VOTING DR PCL,0.07,Utilities,Thailand
EMRG,006800,MIRAE ASSET SECURITIES CO LTD,0.07,Financials,Korea (South)
EMRG,BMRI,BANK MANDIRI (PERSERO),0.07,Financials,Indonesia
EMRG,2880,HUA NAN FINANCIAL HOLDINGS LTD,0.07,Financials,Taiwan
EMRG,SHP,SHOPRITE HOLDINGS LTD,0.07,Consumer Staples,South Africa
EMRG,SBILIFE,SBI LIFE INSURANCE COMPANY LTD,0.07,Financials,India
EMRG,CUMMINSIND,CUMMINS INDIA LTD,0.07,Industrials,India
EMRG,CHILE,BANCO DE CHILE,0.07,Financials,Chile
EMRG,3034,NOVATEK MICROELECTRONICS CORP,0.07,Information Technology,Taiwan
EMRG,000150,DOOSAN CORP,0.07,Industrials,Korea (South)
EMRG,SSW,SIBANYE STILLWATER LTD,0.07,Materials,South Africa
EMRG,LTM,LATAM AIRLINES GROUP SA,0.07,Industrials,Chile
EMRG,CIPLA,CIPLA LTD,0.07,Health Care,India
EMRG,035720,KAKAO CORP,0.07,Communication,Korea (South)
EMRG,267250,HD HYUNDAI LTD,0.07,Energy,Korea (South)
EMRG,TMPV,TATA MOTORS PASSENGER VEHICLES LTD,0.07,Consumer Discretionary,India
EMRG,2395,ADVANTECH LTD,0.06,Information Technology,Taiwan
EMRG,998,CHINA CITIC BANK CORP LTD H,0.06,Financials,China
EMRG,ALPHA,ALPHA BANK SA,0.06,Financials,Greece
EMRG,BAJAJ-AUTO,BAJAJ AUTO LTD,0.06,Consumer Discretionary,India
EMRG,079550,LIG DEFENSE&AEROSPACE LTD,0.06,Industrials,Korea (South)
EMRG,VBL,VARUN BEVERAGES LTD,0.06,Consumer Staples,India
EMRG,ADANIPOWER,ADANI POWER LTD,0.06,Utilities,India
EMRG,TATACONSUM,TATA CONSUMER PRODUCTS LTD,0.06,Consumer Staples,India
EMRG,DRREDDY,DR REDDYS LABORATORIES LTD,0.06,Health Care,India
EMRG,688256,CAMBRICON TECHNOLOGIES CORPORATION,0.06,Information Technology,China
EMRG,ALE,ALLEGRO SA,0.06,Consumer Discretionary,Poland
EMRG,CPALL.R,CP ALL NON-VOTING DR PCL,0.06,Consumer Staples,Thailand
EMRG,RENT3,LOCALIZA RENT A CAR SA,0.06,Industrials,Brazil
EMRG,BAJAJFINSV,BAJAJ FINSERV LTD,0.06,Financials,India
EMRG,1093,CSPC PHARMACEUTICAL GROUP LTD,0.06,Health Care,China
EMRG,TECHM,TECH MAHINDRA LTD,0.06,Information Technology,India
EMRG,TATAPOWER,TATA POWER LTD,0.06,Utilities,India
EMRG,3328,BANK OF COMMUNICATIONS LTD H,0.06,Financials,China
EMRG,TRENT,TRENT LTD,0.06,Consumer Discretionary,India
EMRG,047810,KOREA AEROSPACE INDUSTRIES LTD,0.06,Industrials,Korea (South)
EMRG,MAXHEALTH,MAX HEALTHCARE INSTITUTE LTD,0.06,Health Care,India
EMRG,003550,LG CORP,0.06,Industrials,Korea (South)
EMRG,000720,HYUNDAI ENGINEERING & CONSTRUCTION,0.06,Industrials,Korea (South)
EMRG,DMART,AVENUE SUPERMARTS LTD,0.06,Consumer Staples,India
EMRG,BBAS3,BANCO DO BRASIL SA,0.06,Financials,Brazil
EMRG,2002,CHINA STEEL CORP,0.06,Materials,Taiwan
EMRG,AOT.R,AIRPORTS OF THAILAND NON-VOTING DR,0.06,Industrials,Thailand
EMRG,JIOFIN,JIO FINANCIAL SERVICES LTD,0.06,Financials,India
EMRG,3533,LOTES LTD,0.06,Information Technology,Taiwan
EMRG,BIMAS.E,BIM BIRLESIK MAGAZALAR A,0.06,Consumer Staples,Turkey
EMRG,018260,SAMSUNG SDS LTD,0.06,Information Technology,Korea (South)
EMRG,SOL,SASOL LTD,0.06,Materials,South Africa
EMRG,NED,NEDBANK GROUP LTD,0.06,Financials,South Africa
EMRG,688,CHINA OVERSEAS LAND INVESTMENT LTD,0.06,Real Estate,China
EMRG,6488,GLOBALWAFERS LTD,0.06,Information Technology,Taiwan
EMRG,5880,TAIWAN COOPERATIVE FINANCIAL HOLDI,0.06,Financials,Taiwan
EMRG,PFCIBEST,GRUPO CIBEST PREF SA,0.06,Financials,Colombia
EMRG,ALDAR,ALDAR PROPERTIES,0.06,Real Estate,United Arab Emirates
EMRG,601138,FOXCONN INDUSTRIAL INTERNET LTD A,0.06,Information Technology,China
EMRG,ADIB,ABU DHABI ISLAMIC BANK,0.06,Financials,United Arab Emirates
EMRG,TMCV,TATA MOTORS LTD,0.06,Industrials,India
EMRG,2603,EVERGREEN MARINE CORP (TAIWAN) LTD,0.06,Industrials,Taiwan
EMRG,CEZ,CEZ,0.06,Utilities,Czech Republic
EMRG,NPH,NORTHAM PLATINUM HLDGS LTD,0.05,Materials,South Africa
EMRG,PFC,POWER FINANCE CORPORATION LTD,0.05,Financials,India
EMRG,BRITANNIA,BRITANNIA INDUSTRIES LTD,0.05,Consumer Staples,India
EMRG,8069,E INK HOLDINGS INC,0.05,Information Technology,Taiwan
EMRG,INDUSTOWER,INDUS TOWERS LTD,0.05,Communication,India
EMRG,PTTEP.R,PTT EXPLORATION AND PRODUCTION NON,0.05,Energy,Thailand
EMRG,601899,ZIJIN MINING GROUP LTD A,0.05,Materials,China
EMRG,3045,TAIWAN MOBILE LTD,0.05,Communication,Taiwan
EMRG,300502,EOPTOLINK TECHNOLOGY INC LTD A,0.05,Information Technology,China
EMRG,ADNOCGAS,ADNOC GAS PLC,0.05,Energy,United Arab Emirates
EMRG,071050,KOREA INVESTMENT HOLDINGS LTD,0.05,Financials,Korea (South)
EMRG,2382,SUNNY OPTICAL TECHNOLOGY LTD,0.05,Information Technology,China
EMRG,015760,KOREA ELECTRIC POWER CORP,0.05,Utilities,Korea (South)
EMRG,267,CITIC LTD,0.05,Industrials,China
EMRG,GVT&D,GE VERNOVA T&D INDIA LTD,0.05,Industrials,India
EMRG,CHOLAFIN,CHOLAMANDALAM INVESTMENT AND FINAN,0.05,Financials,India
EMRG,247540,ECOPRO BM LTD,0.05,Industrials,Korea (South)
EMRG,MOTHERSON,SAMVARDHANA MOTHERSON INTERNATIONA,0.05,Consumer Discretionary,India
EMRG,9901,NEW ORIENTAL EDUCATION & TECHNOLOG,0.05,Consumer Discretionary,China
EMRG,HEROMOTOCO,HERO MOTOCORP LTD,0.05,Consumer Discretionary,India
EMRG,017670,SK TELECOM LTD,0.05,Communication,Korea (South)
EMRG,XP,XP CLASS A INC,0.05,Financials,Brazil
EMRG,7020,ETIHAD ETISALAT,0.05,Communication,Saudi Arabia
EMRG,5347,VANGUARD INTERNATIONAL SEMICONDUCT,0.05,Information Technology,Taiwan
EMRG,POLICYBZR,PB FINTECH LTD,0.05,Financials,India
EMRG,ETERNAL,ETERNAL LTD,0.05,Consumer Discretionary,India
EMRG,2319,CHINA MENGNIU DAIRY LTD,0.05,Consumer Staples,China
EMRG,1590,AIRTAC INTERNATIONAL GROUP,0.05,Industrials,Taiwan
EMRG,VBBR3,VIBRA ENERGIA SA,0.05,Consumer Discretionary,Brazil
EMRG,3692,HANSOH PHARMACEUTICAL GROUP LTD,0.05,Health Care,China
EMRG,1177,SINO BIOPHARMACEUTICAL LTD,0.05,Health Care,China
EMRG,3529,EMEMORY TECHNOLOGY INC,0.05,Information Technology,Taiwan
EMRG,AC*,ARCA CONTINENTAL,0.05,Consumer Staples,Mexico
EMRG,AUBANK,AU SMALL FINANCE BANK LTD,0.05,Financials,India
EMRG,INDHOTEL,INDIAN HOTELS LTD,0.05,Consumer Discretionary,India
EMRG,GGBR4,GERDAU PREF SA,0.05,Materials,Brazil
EMRG,LPP,LPP SA,0.05,Consumer Discretionary,Poland
EMRG,600036,CHINA MERCHANTS BANK LTD A,0.05,Financials,China
EMRG,VOD,VODACOM GROUP LTD,0.05,Communication,South Africa
EMRG,ASII,ASTRA INTERNATIONAL,0.05,Industrials,Indonesia
EMRG,086280,HYUNDAI GLOVIS LTD,0.05,Industrials,Korea (South)
EMRG,SUZB3,SUZANO SA,0.05,Materials,Brazil
EMRG,1658,POSTAL SAVINGS BANK OF CHINA LTD H,0.05,Financials,China
EMRG,1050,BANQUE SAUDI FRANSI,0.05,Financials,Saudi Arabia
EMRG,LUPIN,LUPIN LTD,0.05,Health Care,India
EMRG,6690,HAIER SMART HOME CLASS H LTD H,0.05,Consumer Discretionary,China
EMRG,1339,THE PEOPLES INSURANCE CO (GROUP),0.05,Financials,China
EMRG,REM,REMGRO LTD,0.05,Financials,South Africa
EMRG,688041,HYGON INFORMATION TECHNOLOGY LTD A,0.05,Information Technology,China
EMRG,COMI,COMMERCIAL INTERNATIONAL BANK EGYP,0.05,Financials,Egypt
EMRG,PERSISTENT,PERSISTENT SYSTEMS LTD,0.05,Information Technology,India
EMRG,2688,ENN ENERGY HOLDINGS LTD,0.05,Utilities,China
EMRG,600900,CHINA YANGTZE POWER LTD A,0.05,Utilities,China
EMRG,20,SENSETIME GROUP CLASS B INC,0.05,Information Technology,China
EMRG,278470,APR LTD,0.05,Consumer Staples,Korea (South)
EMRG,BDMS.R,BANGKOK DUSIT MEDICAL SERVICES NON,0.05,Health Care,Thailand
EMRG,CGPOWER,CG POWER AND INDUSTRIAL SOLUTIONS,0.05,Industrials,India
EMRG,EBP,ERSTE BANK POLSKA SA,0.05,Financials,Poland
EMRG,SUZLON,SUZLON ENERGY LTD,0.05,Industrials,India
EMRG,HDFCLIFE,HDFC LIFE INSURANCE COMPANY LTD,0.05,Financials,India
EMRG,005387,HYUNDAI MOTOR S2 PREF,0.05,Consumer Discretionary,Korea (South)
EMRG,2359,WUXI APPTEC LTD H,0.05,Health Care,China
EMRG,DIB,DB ISLAMIC BANK,0.05,Financials,United Arab Emirates
EMRG,1171,YANKUANG ENERGY GROUP COMPANY LTD,0.05,Energy,China
EMRG,WIPRO,WIPRO LTD,0.04,Information Technology,India
EMRG,1301,FORMOSA PLASTICS CORP,0.04,Materials,Taiwan
EMRG,INDUSINDBK,INDUSIND BANK LTD,0.04,Financials,India
EMRG,7203,AL-ELM INFORMATION SECURITY COMPAN,0.04,Information Technology,Saudi Arabia
EMRG,CPLE3,CIA PARANAENSE DE ENERGIA COPEL,0.04,Utilities,Brazil
EMRG,3293,INTERNATIONAL GAMES SYSTEM LTD,0.04,Communication,Taiwan
EMRG,MBK,MBANK SA,0.04,Financials,Poland
EMRG,6030,CITIC SECURITIES COMPANY LTD H,0.04,Financials,China
EMRG,CIBEST,GRUPO CIBEST SA,0.04,Financials,Colombia
EMRG,096770,SK INNOVATION LTD,0.04,Energy,Korea (South)
EMRG,RICHTER,GEDEON RICHTER,0.04,Health Care,Hungary
EMRG,BCI,BANCO DE CREDITO E INVERSION,0.04,Financials,Chile
EMRG,KOFUBL,COCA-COLA FEMSA CLASS UBL UNITS,0.04,Consumer Staples,Mexico
EMRG,2280,ALMARAI,0.04,Consumer Staples,Saudi Arabia
EMRG,6618,JD HEALTH INTERNATIONAL INC,0.04,Consumer Staples,China
EMRG,1336,NEW CHINA LIFE INSURANCE COMPANY L,0.04,Financials,China
EMRG,BRL,BRL CASH,0.04,Cash and/or Derivatives,Brazil
EMRG,SOLARINDS,SOLAR INDUSTRIES INDIA LTD,0.04,Materials,India
EMRG,2356,INVENTEC CORP,0.04,Information Technology,Taiwan
EMRG,POLYCAB,POLYCAB INDIA LTD,0.04,Industrials,India
EMRG,BVN,BUENAVENTURA ADR REPRESENTING,0.04,Materials,Peru
EMRG,2376,GIGABYTE TECHNOLOGY LTD,0.04,Information Technology,Taiwan
EMRG,003670,POSCO FUTURE M LTD,0.04,Industrials,Korea (South)
EMRG,BSE,BSE LTD,0.04,Financials,India
EMRG,836,CHINA RESOURCES POWER LTD,0.04,Utilities,China
EMRG,BSANTANDER,BANCO SANTANDER CHILE,0.04,Financials,Chile
EMRG,ASURB,GRUPO AEROPORTUARIO DEL SURESTE B,0.04,Industrials,Mexico
EMRG,JBS,JBS N V NV CLASS A,0.04,Consumer Staples,Brazil
EMRG,RDOR3,REDE DOR SAO LUIZ SA,0.04,Health Care,Brazil
EMRG,VIVT3,TELEFONICA BRASIL SA,0.04,Communication,Brazil
EMRG,272210,HANWHA SYSTEMS LTD,0.04,Industrials,Korea (South)
EMRG,2600,ALUMINUM CORPORATION OF CHINA LTD,0.04,Materials,China
EMRG,138040,MERITZ FINANCIAL GROUP INC,0.04,Financials,Korea (South)
EMRG,VEDL,VEDANTA LTD,0.04,Materials,India
EMRG,1101,TAIWAN CEMENT LTD,0.04,Materials,Taiwan
EMRG,FIBRAPL14,PROLOGIS PROPERTY MEXICO REIT,0.04,Real Estate,Mexico
EMRG,1080,ARAB NATIONAL BANK,0.04,Financials,Saudi Arabia
EMRG,1326,FORMOSA CHEMICALS & FIBRE CORP,0.04,Materials,Taiwan
EMRG,358,JIANGXI COPPER LTD H,0.04,Materials,China
EMRG,5876,SHANGHAI COMMERCIAL LTD,0.04,Financials,Taiwan
EMRG,BBSE3,BB SEGURIDADE SA,0.04,Financials,Brazil
EMRG,PPH,PEPKOR HOLDINGS SHS LTD,0.04,Consumer Discretionary,South Africa
EMRG,BVT,BIDVEST GROUP LTD,0.04,Industrials,South Africa
EMRG,4013,DR SULAIMAN AL HABIB MEDICAL GRP,0.04,Health Care,Saudi Arabia
EMRG,ASHOKLEY,ASHOK LEYLAND LTD,0.04,Industrials,India
EMRG,IQCD,INDUSTRIES QATAR,0.04,Industrials,Qatar
EMRG,NRP,NEPI ROCKCASTLE NV,0.04,Real Estate,South Africa
EMRG,ADANIENT,ADANI ENTERPRISES LTD,0.04,Industrials,India
EMRG,HDFCAMC,HDFC ASSET MANAGEMENT COMPANY LTD,0.04,Financials,India
EMRG,SCC.R,SIAM CEMENT NON-VOTING DR PCL,0.04,Materials,Thailand
EMRG,BZ,KANZHUN AMERICAN DEPOSITORY SHARES,0.04,Industrials,China
EMRG,1818,ZHAOJIN MINING INDUSTRY LTD H,0.04,Materials,China
EMRG,1919,COSCO SHIPPING HOLDINGS LTD H,0.04,Industrials,China
EMRG,MOL,MOL HUNGARIAN OIL AND GAS,0.04,Energy,Hungary
EMRG,FORTIS,FORTIS HEALTHCARE LTD,0.04,Health Care,India
EMRG,291,CHINA RESOURCES BEER HOLDINGS LTD,0.04,Consumer Staples,China
EMRG,BPCL,BHARAT PETROLEUM LTD,0.04,Energy,India
EMRG,FUNO11,FIBRA UNO ADMINISTRACION REIT,0.04,Real Estate,Mexico
EMRG,601318,PING AN INSURANCE (GROUP) OF CHINA,0.04,Financials,China
EMRG,IDR,IDR CASH,0.04,Cash and/or Derivatives,Indonesia
EMRG,POWERINDIA,HITACHI ENERGY INDIA LTD,0.04,Industrials,India
EMRG,TME,TENCENT MUSIC ENTERTAINMENT GROUP,0.04,Communication,China
EMRG,4938,PEGATRON CORP,0.04,Information Technology,Taiwan
EMRG,2331,LI NING LTD,0.04,Consumer Discretionary,China
EMRG,TORNTPHARM,TORRENT PHARMACEUTICALS LTD,0.04,Health Care,India
EMRG,788,CHINA TOWER CORP LTD H,0.04,Communication,China
EMRG,ENEV3,ENEVA SA,0.04,Utilities,Brazil
EMRG,RADL3,RAIA DROGASIL,0.04,Consumer Staples,Brazil
EMRG,1140,BANK ALBILAD,0.04,Financials,Saudi Arabia
EMRG,PIDILITIND,PIDILITE INDUSTRIES LTD,0.04,Materials,India
EMRG,2207,HOTAI MOTOR LTD,0.04,Consumer Discretionary,Taiwan
EMRG,GODREJCP,GODREJ CONSUMER PRODUCTS LTD,0.04,Consumer Staples,India
EMRG,GCARSOA1,GRUPO CARSO SERIES A1,0.04,Industrials,Mexico
EMRG,259960,KRAFTON INC,0.04,Communication,Korea (South)
EMRG,2099,CHINA GOLD INTERNATIONAL RESOURCES,0.04,Materials,China
EMRG,BDO,BDO UNIBANK INC,0.04,Financials,Philippines
EMRG,3908,CHINA INTERNATIONAL CAPITAL CORP L,0.04,Financials,China
EMRG,ADNOCDRILL,ADNOC DRILLING COMPANY,0.04,Energy,United Arab Emirates
EMRG,601288,AGRICULTURAL BANK OF CHINA LTD A,0.04,Financials,China
EMRG,DLF,DLF LTD,0.04,Real Estate,India
EMRG,1208,MMG LTD,0.04,Materials,China
EMRG,TUPRS.E,TURKIYE PETROL RAFINERILERI A,0.04,Energy,Turkey
EMRG,BHEL,BHARAT HEAVY ELECTRICALS LTD,0.04,Industrials,India
EMRG,JINDALSTEL,JINDAL STEEL LTD,0.04,Materials,India
EMRG,002475,LUXSHARE PRECISION INDUSTRY LTD A,0.04,Information Technology,China
EMRG,9698,GDS HOLDINGS LTD CLASS A,0.04,Information Technology,China
EMRG,PAYTM,ONE COMMUNICATIONS LTD,0.04,Financials,India
EMRG,002594,BYD LTD A,0.04,Consumer Discretionary,China
EMRG,VIPS,VIPSHOP HOLDINGS SPONSORED ADS REP,0.04,Consumer Discretionary,China
EMRG,PPC,PUBLIC POWER CORPORATION SA,0.04,Utilities,Greece
EMRG,1519,FORTUNE ELECTRIC LTD,0.04,Industrials,Taiwan
EMRG,GAMUDA,GAMUDA,0.04,Industrials,Malaysia
EMRG,IHH,IHH HEALTHCARE,0.04,Health Care,Malaysia
EMRG,2313,SHENZHOU INTERNATIONAL GROUP LTD,0.04,Consumer Discretionary,China
EMRG,BHARATFORG,BHARAT FORGE LTD,0.04,Consumer Discretionary,India
EMRG,BBDC3,BANCO BRADESCO SA,0.04,Financials,Brazil
EMRG,4904,FAR EASTONE TELECOMMUNICATIONS LTD,0.04,Communication,Taiwan
EMRG,5871,CHAILEASE HOLDING LTD,0.04,Financials,Taiwan
EMRG,ICICIGI,ICICI LOMBARD GENERAL INSURANCE CO,0.04,Financials,India
EMRG,300,MIDEA GROUP LTD CLASS H,0.04,Consumer Discretionary,China
EMRG,MARICO,MARICO LTD,0.04,Consumer Staples,India
EMRG,2801,CHANG HWA COMMERCIAL BANK LTD,0.04,Financials,Taiwan
EMRG,9880,UBTECH ROBOTICS CORP LTD H,0.03,Industrials,China
EMRG,ORDS,OOREDOO,0.03,Communication,Qatar
EMRG,HLBANK,HONG LEONG BANK,0.03,Financials,Malaysia
EMRG,UPL,UPL LTD,0.03,Materials,India
EMRG,3606,FUYAO GLASS INDUSTRY GROUP LTD H,0.03,Consumer Discretionary,China
EMRG,IOC,INDIAN OIL CORP LTD,0.03,Energy,India
EMRG,DNP,DINO POLSKA SA,0.03,Consumer Staples,Poland
EMRG,SRF,SRF LTD,0.03,Materials,India
EMRG,1816,CGN POWER LTD H,0.03,Utilities,China
EMRG,GFINBURO,GRUPO FINANCIERO INBURSA SRIES O,0.03,Financials,Mexico
EMRG,MUTHOOTFIN,MUTHOOT FINANCE LTD,0.03,Financials,India
EMRG,TWD,TWD CASH,0.03,Cash and/or Derivatives,Taiwan
EMRG,002371,NAURA TECHNOLOGY GROUP LTD A,0.03,Information Technology,China
EMRG,FALABELLA,FALABELLA SACI SA,0.03,Consumer Discretionary,Chile
EMRG,005385,HYUNDAI MOTOR S1 PREF,0.03,Consumer Discretionary,Korea (South)
EMRG,CDR,CD PROJEKT SA,0.03,Communication,Poland
EMRG,GAIL,GAIL INDIA LTD,0.03,Utilities,India
EMRG,TAL,TAL EDUCATION GROUP ADR REPTG,0.03,Consumer Discretionary,China
EMRG,005830,DB INSURANCE LTD,0.03,Financials,Korea (South)
EMRG,2018,AAC TECHNOLOGIES HOLDINGS INC,0.03,Information Technology,China
EMRG,BIMBOA,GRUPO BIMBO A,0.03,Consumer Staples,Mexico
EMRG,2324,COMPAL ELECTRONICS INC,0.03,Information Technology,Taiwan
EMRG,DIXON,DIXON TECHNOLOGIES (INDIA) LTD,0.03,Consumer Discretionary,India
EMRG,RNI,REINET INVESTMENTS S.C.A.,0.03,Financials,South Africa
EMRG,1530,3SBIO INC,0.03,Health Care,China
EMRG,9626,BILIBILI INC,0.03,Communication,China
EMRG,TRUE.R,TRUE CORPORATION NON-VOTING DR PCL,0.03,Communication,Thailand
EMRG,HINDPETRO,HINDUSTAN PETROLEUM CORP LTD,0.03,Energy,India
EMRG,IDEA,VODAFONE IDEA LTD,0.03,Communication,India
EMRG,AMBANK,AMMB HOLDINGS,0.03,Financials,Malaysia
EMRG,028300,HLB INC,0.03,Health Care,Korea (South)
EMRG,ABB,ABB INDIA LTD,0.03,Industrials,India
EMRG,AKBNK.E,AKBANK A,0.03,Financials,Turkey
EMRG,UGPA3,ULTRAPAR PARTICIPOES SA,0.03,Consumer Discretionary,Brazil
EMRG,1772,GANFENG LITHIUM LTD H,0.03,Materials,China
EMRG,UNITDSPR,UNITED SPIRITS LTD,0.03,Consumer Staples,India
EMRG,AUROPHARMA,AUROBINDO PHARMA LTD,0.03,Health Care,India
EMRG,SWIGGY,SWIGGY LTD,0.03,Consumer Discretionary,India
EMRG,CPN.R,CENTRAL PATTANA NON-VOTING DR PCL,0.03,Real Estate,Thailand
EMRG,ZAIN,MOBILE TEL,0.03,Communication,Kuwait
EMRG,CMIG4,CIA ENERGETICA DE MINAS GERAIS PRE,0.03,Utilities,Brazil
EMRG,ISA,INTERCONEXION ELECTRICA SA,0.03,Utilities,Colombia
EMRG,8210,BUPA ARABIA,0.03,Financials,Saudi Arabia
EMRG,NAUKRI,INFO EDGE INDIA LTD,0.03,Communication,India
EMRG,9660,HORIZON ROBOTICS,0.03,Information Technology,China
EMRG,024110,INDUSTRIAL BANK OF KOREA,0.03,Financials,Korea (South)
EMRG,CBQK,COMMERCIAL BANK OF QATAR,0.03,Financials,Qatar
EMRG,RECLTD,REC LTD,0.03,Financials,India
EMRG,DEWA,DUBAI ELECTRICITY AND WATER AUTHOR,0.03,Utilities,United Arab Emirates
EMRG,601398,INDUSTRIAL AND COMMERCIAL BANK OF,0.03,Financials,China
EMRG,5110,SAUDI ENERGY,0.03,Utilities,Saudi Arabia
EMRG,2259,ZIJIN GOLD INTERNATIONAL LTD,0.03,Materials,China
EMRG,KTB.R,KRUNG THAI BANK PUBLIC NON-VOTING,0.03,Financials,Thailand
EMRG,OUT,OUTSURANCE GROUP LTD,0.03,Financials,South Africa
EMRG,MARK,MASRAF AL RAYAN,0.03,Financials,Qatar
EMRG,966,CHINA TAIPING INSURANCE HLDGS LTD,0.03,Financials,China
EMRG,CLS,CLICKS GROUP LTD,0.03,Consumer Staples,South Africa
EMRG,KBANK.R,KASIKORNBANK PUBLIC NON-VOTING DR,0.03,Financials,Thailand
EMRG,PHOENIXLTD,PHOENIX MILLS LTD,0.03,Real Estate,India
EMRG,002384,SUZHOU DONGSHAN PRECISION MANUFACT,0.03,Information Technology,China
EMRG,1209,CHINA RESOURCES MIXC LIFESTYLE SER,0.03,Real Estate,China
EMRG,2912,PRESIDENT CHAIN STORE CORP,0.03,Consumer Staples,Taiwan
EMRG,SIEMENS,SIEMENS LTD,0.03,Industrials,India
EMRG,168,TSINGTAO BREWERY LTD H,0.03,Consumer Staples,China
EMRG,AXIA7,CENTRAIS ELET BRAS PRF SA,0.03,Utilities,Brazil
EMRG,OMAB,GRUPO AEROPORTUARIO DEL CENTRO NOR,0.03,Industrials,Mexico
EMRG,KRW,KRW CASH,0.03,Cash and/or Derivatives,Korea (South)
EMRG,902,HUANENG POWER INTERNATIONAL INC H,0.03,Utilities,China
EMRG,352820,HYBE LTD,0.03,Communication,Korea (South)
EMRG,6881,CHINA GALAXY SECURITIES LTD H,0.03,Financials,China
EMRG,TIINDIA,TUBE INVESTMENTS OF INDIA LTD,0.03,Consumer Discretionary,India
EMRG,BAAKOMB,KOMERCNI BANK,0.03,Financials,Czech Republic
EMRG,RAIL3,RUMO SA,0.03,Industrials,Brazil
EMRG,THYAO.E,TURK HAVA YOLLARI AO A,0.03,Industrials,Turkey
EMRG,APLAPOLLO,APL APOLLO TUBES LTD,0.03,Materials,India
EMRG,135,KUNLUN ENERGY LTD,0.03,Utilities,China
EMRG,BOUBYAN,BOUBYAN BANK,0.03,Financials,Kuwait
EMRG,SCB.R,SCB X PUBLIC COMPANY LIMITED NON-V,0.03,Financials,Thailand
EMRG,ENRIN,SIEMENS ENERGY INDIA LTD,0.03,Industrials,India
EMRG,EMAARDEV,EMAAR DEVELOPMENT,0.03,Real Estate,United Arab Emirates
EMRG,TIMS3,TIM SA,0.03,Communication,Brazil
EMRG,RHBBANK,RHB BANK,0.03,Financials,Malaysia
EMRG,SIGMAFA,ALFA A,0.03,Consumer Staples,Mexico
EMRG,003230,SAM YANG FOODS INC,0.03,Consumer Staples,Korea (South)
EMRG,3808,SINOTRUK (HONG KONG) LTD,0.03,Industrials,China
EMRG,PETGAS,PETRONAS GAS,0.03,Utilities,Malaysia
EMRG,TRY,TRY CASH,0.03,Cash and/or Derivatives,Turkey
EMRG,2618,JD LOGISTICS INC,0.03,Industrials,China
EMRG,300274,SUNGROW POWER SUPPLY LTD A,0.03,Industrials,China
EMRG,TOTS3,TOTVS SA,0.03,Information Technology,Brazil
EMRG,HTO,HELLENIC TELECOMMUNICATIONS ORGANI,0.03,Communication,Greece
EMRG,PCHEM,PETRONAS CHEMICALS GROUP,0.03,Materials,Malaysia
EMRG,KIMBERA,KIMBERLY-CLARK DE MEXICO CLASS A,0.03,Consumer Staples,Mexico
EMRG,ADNOCDIST,ABU DHABI NATIONAL OIL COMPANY FOR,0.03,Consumer Discretionary,United Arab Emirates
EMRG,601166,INDUSTRIAL BANK LTD A,0.03,Financials,China
EMRG,2834,TAIWAN BUSINESS BANK LTD,0.03,Financials,Taiwan
EMRG,YESBANK,YES BANK LTD,0.03,Financials,India
EMRG,SWB,SUNWAY BHD,0.03,Industrials,Malaysia
EMRG,BH.R,BUMRUNGRAD HOSPITAL NON-VOTING DR,0.03,Health Care,Thailand
EMRG,003490,KOREAN AIR LINES LTD,0.03,Industrials,Korea (South)
EMRG,MALLPLAZA,PLAZA SA,0.03,Real Estate,Chile
EMRG,QGTS,QATAR GAS TRANSPORT COMPANY LTD,0.03,Energy,Qatar
EMRG,2333,GREAT WALL MOTOR COMPANY LTD H,0.03,Consumer Discretionary,China
EMRG,SMPH,SM PRIME HOLDINGS INC,0.03,Real Estate,Philippines
EMRG,BBNI,BANK NEGARA INDONESIA,0.03,Financials,Indonesia
EMRG,SDG,SD GUTHRIE,0.03,Consumer Staples,Malaysia
EMRG,2611,GUOTAI HAITONG SECURITIES CO LTD H,0.03,Financials,China
EMRG,MIL,BANK MILLENNIUM SA,0.03,Financials,Poland
EMRG,EGIE3,ENGIE BRASIL ENERGIA SA,0.02,Utilities,Brazil
EMRG,CPFE3,CPFL ENERGIA SA,0.02,Utilities,Brazil
EMRG,1357,MEITU INC,0.02,Communication,China
EMRG,LTF,L&T FINANCE LTD,0.02,Financials,India
EMRG,CPIN,CHAROEN POKPHAND INDONESIA,0.02,Consumer Staples,Indonesia
EMRG,AC,AYALA CORP,0.02,Industrials,Philippines
EMRG,MBT,METROPOLITAN BANK AND TRUST CO,0.02,Financials,Philippines
EMRG,MPHC,MESAIEED PETROCHEMICAL HOLDING,0.02,Materials,Qatar
EMRG,QFLS,QATAR FUEL,0.02,Energy,Qatar
EMRG,3618,CHONGQING RURAL COMMERCIAL BANK LT,0.02,Financials,China
EMRG,ICICIPRULI,ICICI PRUDENTIAL LIFE INSURANCE CO,0.02,Financials,India
EMRG,601857,PETROCHINA LTD A,0.02,Energy,China
EMRG,601601,CHINA PACIFIC INSURANCE (GROUP) LT,0.02,Financials,China
EMRG,392,BEIJING ENTERPRISES HOLDINGS LTD,0.02,Utilities,China
EMRG,600309,WANHUA CHEMICAL GROUP LTD A,0.02,Materials,China
EMRG,UNTR,UNITED TRACTORS,0.02,Energy,Indonesia
EMRG,9995,REMEGEN LTD H,0.02,Health Care,China
EMRG,CXSE3,CAIXA SEGURIDADE PARTICIPACOES SA,0.02,Financials,Brazil
EMRG,BELA,JUMBO SA,0.02,Consumer Discretionary,Greece
EMRG,MRF,MRF LTD,0.02,Consumer Discretionary,India
EMRG,000100,YUHAN CORP,0.02,Health Care,Korea (South)
EMRG,1787,SHANDONG GOLD MINING LTD H,0.02,Materials,China
EMRG,161390,HANKOOK TIRE & TECHNOLOGY LTD,0.02,Consumer Discretionary,Korea (South)
EMRG,270,GUANGDONG INVESTMENT LTD,0.02,Utilities,China
EMRG,CENCOSUD,CENCOSUD SA,0.02,Consumer Staples,Chile
EMRG,YTLPOWR,YTL POWER INTERNATIONAL,0.02,Utilities,Malaysia
EMRG,LTM,LTM LTD,0.02,Information Technology,India
EMRG,603986,GIGADEVICE SEMICONDUCTOR INC A,0.02,Information Technology,China
EMRG,011200,HMM LTD,0.02,Industrials,Korea (South)
EMRG,KCHOL.E,KOC HOLDING A,0.02,Industrials,Turkey
EMRG,603993,CHINA MOLYBDENUM LTD A,0.02,Materials,China
EMRG,005940,NH INVESTMENT & SECURITIES LTD,0.02,Financials,Korea (South)
EMRG,010950,S-OIL CORP,0.02,Energy,Korea (South)
EMRG,MANKIND,MANKIND PHARMA LTD,0.02,Health Care,India
EMRG,6919,CALIWAY BIOPHARMACEUTICALS LTD,0.02,Health Care,Taiwan
EMRG,NYKAA,FSN E-COMMERCE VENTURES LTD,0.02,Consumer Discretionary,India
EMRG,PINFRA*,PROMOTORA Y OPERADORA DE INFRAESTR,0.02,Industrials,Mexico
EMRG,AMBUJACEM,AMBUJA CEMENTS LTD,0.02,Materials,India
EMRG,QIIK,QATAR INTERNATIONAL ISLAMIC BANK,0.02,Financials,Qatar
EMRG,AXIA6,CENTRAIS ELETR BRAS-ELETROBRAS PRE,0.02,Utilities,Brazil
EMRG,1099,SINOPHARM GROUP LTD H,0.02,Health Care,China
EMRG,2609,YANG MING MARINE TRANSPORT CORP,0.02,Industrials,Taiwan
EMRG,LODHA,LODHA DEVELOPERS LTD,0.02,Real Estate,India
EMRG,300394,SUZHOU TFC OPTICAL COMMUNICATION L,0.02,Information Technology,China
EMRG,1898,CHINA COAL ENERGY LTD H,0.02,Energy,China
EMRG,2618,EVA AIRWAYS CORP,0.02,Industrials,Taiwan
EMRG,MPHASIS,MPHASIS LTD,0.02,Information Technology,India
EMRG,6990,SICHUAN KELUN-BIOTECH BIOPHARM LTD,0.02,Health Care,China
EMRG,914,ANHUI CONCH CEMENT LTD H,0.02,Materials,China
EMRG,PLN,PLN CASH,0.02,Cash and/or Derivatives,Poland
EMRG,NMDC,NMDC LTD,0.02,Materials,India
EMRG,601328,BANK OF COMMUNICATIONS LTD A,0.02,Financials,China
EMRG,SUNDARMFIN,SUNDARAM FINANCE LTD,0.02,Financials,India
EMRG,MYR,MYR CASH,0.02,Cash and/or Derivatives,Malaysia
EMRG,034220,LG DISPLAY LTD,0.02,Information Technology,Korea (South)
EMRG,600276,JIANGSU HENGRUI MEDICINE LTD A,0.02,Health Care,China
EMRG,JSWENERGY,JSW ENERGY LTD,0.02,Utilities,India
EMRG,268,KINGDEE INT L SOFTWARE GROUP LTD,0.02,Information Technology,China
EMRG,322,TINGYI (CAYMAN ISLANDS) HOLDINGS C,0.02,Consumer Staples,China
EMRG,1988,CHINA MINSHENG BANKING CORP LTD H,0.02,Financials,China
EMRG,MOTV3,MOTIVA INFRAESTRUTURA DE MOBILIDAD,0.02,Industrials,Brazil
EMRG,1929,CHOW TAI FOOK JEWELLERY GROUP LTD,0.02,Consumer Discretionary,China
EMRG,ACP,ASSECO POLAND SA,0.02,Information Technology,Poland
EMRG,285,BYD ELECTRONIC (INTERNATIONAL) LTD,0.02,Information Technology,China
EMRG,EREGL.E,EREGLI DEMIR VE CELIK FABRIKALARI,0.02,Materials,Turkey
EMRG,300476,VICTORY GIANT TECHNOLOGY HUIZHOU L,0.02,Information Technology,China
EMRG,1766,CRRC CORP LTD H,0.02,Industrials,China
EMRG,BANKBARODA,BANK OF BARODA LTD,0.02,Financials,India
EMRG,BAJAJHLDNG,BAJAJ HOLDINGS AND INVESTMENT LTD,0.02,Financials,India
EMRG,BPI,BANK OF THE PHILIPPINE ISLANDS,0.02,Financials,Philippines
EMRG,600030,CITIC SECURITIES LTD A,0.02,Financials,China
EMRG,3898,ZHUZHOU CRRC TIMES ELECTRIC LTD H,0.02,Industrials,China
EMRG,BOSCHLTD,BOSCH LTD,0.02,Consumer Discretionary,India
EMRG,600183,SHENGYI TECHNOLOGY LTD A,0.02,Information Technology,China
EMRG,2268,WUXI XDC CAYMAN INC,0.02,Health Care,China
EMRG,ENGI11,ENERGISA UNITS SA,0.02,Utilities,Brazil
EMRG,GODREJPROP,GODREJ PROPERTIES LTD,0.02,Real Estate,India
EMRG,000858,WULIANGYE YIBIN LTD A,0.02,Consumer Staples,China
EMRG,3888,KINGSOFT LTD,0.02,Communication,China
EMRG,COPEC,EMPRESAS COPEC SA,0.02,Consumer Discretionary,Chile
EMRG,HAVELLS,HAVELLS INDIA LTD,0.02,Industrials,India
EMRG,ADNOCLS,ADNOC LOGISTICS & SERVICES PLC,0.02,Energy,United Arab Emirates
EMRG,VOLTAS,VOLTAS LTD,0.02,Industrials,India
EMRG,WAAREEENER,WAAREE ENERGIES LTD,0.02,Information Technology,India
EMRG,CDB,CELCOMDIGI,0.02,Communication,Malaysia
EMRG,GMRAIRPORT,GMR AIRPORTS LTD,0.02,Industrials,India
EMRG,6862,HAIDILAO INTERNATIONAL HOLDING LTD,0.02,Consumer Discretionary,China
EMRG,IDFCFIRSTB,IDFC FIRST BANK LTD,0.02,Financials,India
EMRG,VMM,VISHAL MEGA MART LTD,0.02,Consumer Discretionary,India
EMRG,8010,THE COOPERATIVE INSURANCE,0.02,Financials,Saudi Arabia
EMRG,1519,J&T GLOBAL EXPRESS LTD,0.02,Industrials,China
EMRG,241,ALIBABA HEALTH INFORMATION TECH LT,0.02,Consumer Staples,China
EMRG,ALKEM,ALKEM LABORATORIES LTD,0.02,Health Care,India
EMRG,9863,ZHEJIANG LEAPMOTOR TECHNOLOGY LTD,0.02,Consumer Discretionary,China
EMRG,SALIK,SALIK COMPANY P.J.S.C,0.02,Industrials,United Arab Emirates
EMRG,KLBN11,KLABIN UNITS SA,0.02,Materials,Brazil
EMRG,300059,EAST MONEY INFORMATION LTD A,0.02,Financials,China
EMRG,688008,MONTAGE TECHNOLOGY LTD A,0.02,Information Technology,China
EMRG,900948,INNER MONGOLIA YITAI COAL LTD B,0.02,Energy,China
EMRG,COLPAL,COLGATE PALMOLIVE INDIA LTD,0.02,Consumer Staples,India
EMRG,MISC,MISC,0.02,Industrials,Malaysia
EMRG,NHPC,NHPC LTD,0.02,Utilities,India
EMRG,DABUR,DABUR INDIA LTD,0.02,Consumer Staples,India
EMRG,ABCAPITAL,ADITYA BIRLA CAPITAL LTD,0.02,Financials,India
EMRG,ZAB,ZABKA GROUP SOCIETE ANONYME SA,0.02,Consumer Staples,Poland
EMRG,600000,SHANGHAI PUDONG DEVELOPMENT BANK L,0.02,Financials,China
EMRG,PGE,PGE POLSKA GRUPA ENERGETYCZNA SA,0.02,Utilities,Poland
EMRG,GRUMAB,GRUMA,0.02,Consumer Staples,Mexico
EMRG,UNIONBANK,UNION BANK OF INDIA LTD,0.02,Financials,India
EMRG,1504,TECO ELECTRIC & MACHINERY LTD,0.02,Industrials,Taiwan
EMRG,IOICORP,IOI CORPORATION,0.02,Consumer Staples,Malaysia
EMRG,KLK,KUALA LUMPUR KEPONG,0.02,Consumer Staples,Malaysia
EMRG,601088,CHINA SHENHUA ENERGY LTD A,0.02,Energy,China
EMRG,6886,HUATAI SECURITIES LTD H,0.02,Financials,China
EMRG,AIRARABIA,AIR ARABIA,0.02,Industrials,United Arab Emirates
EMRG,ALWN,ALLWYN AG,0.02,Consumer Discretionary,Greece
EMRG,TORNTPOWER,TORRENT POWER LTD,0.02,Utilities,India
EMRG,OFSS,ORACLE FINANCIAL SERVICES SOFTWARE,0.02,Information Technology,India
EMRG,3998,BOSIDENG INTERNATIONAL LTD,0.02,Consumer Discretionary,China
EMRG,600150,CHINA CSSC HOLDINGS LTD A,0.02,Industrials,China
EMRG,STNE,STONECO LTD CLASS A,0.02,Financials,Brazil
EMRG,PRESTIGE,PRESTIGE ESTATES PROJECTS LTD,0.02,Real Estate,India
EMRG,TCELL.E,TURKCELL ILETISIM HIZMETLERI A,0.02,Communication,Turkey
EMRG,GOTO,GOTO GOJEK TOKOPEDIA,0.02,Consumer Discretionary,Indonesia
EMRG,532483,CANARA BANK LTD,0.02,Financials,India
EMRG,384,CHINA GAS HOLDINGS LTD,0.02,Utilities,China
EMRG,ISCTR.E,TURKIYE IS BANKASI C,0.02,Financials,Turkey
EMRG,000333,MIDEA GROUP LTD A,0.02,Consumer Discretionary,China
EMRG,688012,ADVANCED MICRO-FABRICATION EQUIPME,0.02,Information Technology,China
EMRG,JSL,JINDAL STAINLESS LTD,0.02,Materials,India
EMRG,3800,GCL TECHNOLOGY HOLDINGS LTD,0.02,Information Technology,China
EMRG,PNB,PUNJAB NATIONAL BANK,0.02,Financials,India
EMRG,OIL,OIL INDIA LTD,0.02,Energy,India
EMRG,GBK,GULF BANK,0.02,Financials,Kuwait
EMRG,323410,KAKAOBANK CORP,0.02,Financials,Korea (South)
EMRG,BDX,BUDIMEX SA,0.02,Industrials,Poland
EMRG,1258,CHINA NONFERROUS MINING CORPORATIO,0.02,Materials,China
EMRG,PAGEIND,PAGE INDUSTRIES LTD,0.02,Consumer Discretionary,India
EMRG,ENELCHILE,ENEL CHILE SA,0.02,Utilities,Chile
EMRG,MER,MANILA ELECTRIC,0.02,Utilities,Philippines
EMRG,SUPREMEIND,SUPREME INDUSTRIES LTD,0.02,Industrials,India
EMRG,SHREECEM,SHREE CEMENT LTD,0.02,Materials,India
EMRG,151,WANT WANT CHINA HOLDINGS LTD,0.02,Consumer Staples,China
EMRG,4190,JARIR MARKETING,0.02,Consumer Discretionary,Saudi Arabia
EMRG,MONET,MONETA MONEY BNK,0.02,Financials,Czech Republic
EMRG,2290,YANBU NATIONAL PETROCHEMICALS,0.02,Materials,Saudi Arabia
EMRG,3323,CHINA NATIONAL BUILDING MATERIAL L,0.02,Materials,China
EMRG,YKBNK.E,YAPI VE KREDI BANKASI A,0.02,Financials,Turkey
EMRG,144,CHINA MERCHANTS PORT HOLDINGS LTD,0.02,Industrials,China
EMRG,SM,SM INVESTMENTS CORP,0.02,Industrials,Philippines
EMRG,3360,FAR EAST HORIZON LTD,0.02,Financials,China
EMRG,PIIND,P.I. INDUSTRIES LTD,0.02,Materials,India
EMRG,4250,JABAL OMAR DEVELOPMENT,0.02,Consumer Discretionary,Saudi Arabia
EMRG,316,ORIENT OVERSEAS (INTERNATIONAL) LT,0.02,Industrials,China
EMRG,4100,MAKKAH CONSTRUCTION AND DEVELOPMEN,0.02,Real Estate,Saudi Arabia
EMRG,1548,GENSCRIPT BIOTECH CORP,0.02,Health Care,China
EMRG,4300,DAR AL ARKAN REAL ESTATE DEVELOPME,0.02,Real Estate,Saudi Arabia
EMRG,763,ZTE CORP H,0.02,Information Technology,China
EMRG,MABANEE,MABANEE COMPANY,0.02,Real Estate,Kuwait
EMRG,TATACOMM,TATA COMMUNICATIONS LTD,0.02,Communication,India
EMRG,TM,TELEKOM MALAYSIA,0.02,Communication,Malaysia
EMRG,1102,ASIA CEMENT CORP,0.02,Materials,Taiwan
EMRG,ZYDUSLIFE,ZYDUS LIFESCIENCES LTD,0.02,Health Care,India
EMRG,002916,SHENNAN CIRCUITS LTD A,0.02,Information Technology,China
EMRG,780,TONGCHENG TRAVEL HOLDINGS LTD,0.02,Consumer Discretionary,China
EMRG,2525,HESAI GROUP CLASS B,0.02,Consumer Discretionary,China
EMRG,090430,AMOREPACIFIC CORP,0.02,Consumer Staples,Korea (South)
EMRG,002938,AVARY HOLDING (SHENZHEN) LTD A,0.02,Information Technology,China
EMRG,002463,WUS PRINTED CIRCUIT (KUNSHAN) LTD,0.02,Information Technology,China
EMRG,MINT.R,MINOR INTERNATIONAL PUBLIC NON-VOT,0.02,Consumer Discretionary,Thailand
EMRG,1030,SAUDI INVESTMENT BANK,0.02,Financials,Saudi Arabia
EMRG,OBEROIRLTY,OBEROI REALTY LTD,0.02,Real Estate,India
EMRG,CPF.R,CHAROEN POKPHAND FOODS NON-VOTING,0.02,Consumer Staples,Thailand
EMRG,PETRONET,PETRONET LNG LTD,0.02,Energy,India
EMRG,SAHOL.E,HACI OMER SABANCI HOLDING A,0.02,Financials,Turkey
EMRG,603259,WUXI APPTEC LTD A,0.02,Health Care,China
EMRG,6969,SMOORE INTERNATIONAL HOLDINGS LTD,0.02,Consumer Staples,China
EMRG,047050,POSCO INTERNATIONAL CORP,0.02,Industrials,Korea (South)
EMRG,COROMANDEL,COROMANDEL INTERNATIONAL LTD,0.02,Materials,India
EMRG,0126Z0,SAMSUNG EPIS HOLDINGS LTD,0.02,Health Care,Korea (South)
EMRG,SGAFT,CASH COLLATERAL USD SGAFT,0.02,Cash and/or Derivatives,United States
EMRG,LEGN,LEGEND BIOTECH ADR REP CORP,0.02,Health Care,China
EMRG,ASTRAL,ASTRAL LTD,0.02,Industrials,India
EMRG,MBRF3,MARFRIG GLOBAL FOODS SA,0.02,Consumer Staples,Brazil
EMRG,2588,BOC AVIATION LTD,0.02,Industrials,China
EMRG,960,LONGFOR GROUP HOLDINGS LTD,0.02,Real Estate,China
EMRG,601816,BEIJING-SHANGHAI HIGH SPEED RAILWA,0.02,Industrials,China
EMRG,300408,CHAOZHOU THREE-CIRCLE (GROUP) LTD,0.02,Information Technology,China
EMRG,916,CHINA LONGYUAN POWER GROUP CORP LT,0.02,Utilities,China
EMRG,601225,SHAANXI COAL INDUSTRY LTD A,0.02,Energy,China
EMRG,1776,GF SECURITIES LTD H,0.02,Financials,China
EMRG,WARBABANK,WARBABANK,0.02,Financials,Kuwait
EMRG,MAXIS,MAXIS,0.02,Communication,Malaysia
EMRG,000338,WEICHAI POWER LTD A,0.02,Industrials,China
EMRG,1193,CHINA RESOURCES GAS GROUP LTD,0.02,Utilities,China
EMRG,BRPT,BARITO PACIFIC,0.02,Materials,Indonesia
EMRG,136,CHINA RUYI HOLDINGS LTD,0.02,Communication,China
EMRG,000938,UNISPLENDOUR CORP LTD A,0.01,Information Technology,China
EMRG,601360,360 SECURITY TECHNOLOGY INC A,0.01,Information Technology,China
EMRG,CZK,CZK CASH,0.01,Cash and/or Derivatives,Czech Republic
EMRG,002851,SHENZHEN MEGMEET ELECTRICAL LTD A,0.01,Industrials,China
EMRG,601111,AIR CHINA LTD A,0.01,Industrials,China
EMRG,002311,GUANGDONG HAID GROUP LTD A,0.01,Consumer Staples,China
EMRG,300751,SUZHOU MAXWELL TECHNOLOGIES LTD A,0.01,Information Technology,China
EMRG,000426,INNER MONGOLIA XINGYE SILVER&TIN M,0.01,Materials,China
EMRG,000933,HENAN SHENHUO COAL & POWER LTD A,0.01,Materials,China
EMRG,600585,ANHUI CONCH CEMENT LTD A,0.01,Materials,China
EMRG,600066,YUTONG BUS LTD A,0.01,Industrials,China
EMRG,002736,GUOSEN SECURITIES LTD A,0.01,Financials,China
EMRG,600026,COSCO SHIPPING ENERGY TRANSPORTATI,0.01,Energy,China
EMRG,601838,BANK OF CHENGDU LTD A,0.01,Financials,China
EMRG,001979,CHINA MERCHANTS SHEKOU INDUSTRIAL,0.01,Real Estate,China
EMRG,002532,TIANSHAN ALUMINUM GROUP LTD A,0.01,Materials,China
EMRG,688361,SKYVERSE TECHNOLOGY LTD A,0.01,Information Technology,China
EMRG,601998,CHINA CITIC BANK CORP LTD A,0.01,Financials,China
EMRG,000895,HENAN SHUANGHUI INVESTMENT & DEVEL,0.01,Consumer Staples,China
EMRG,600549,XIAMEN TUNGSTEN LTD A,0.01,Materials,China
EMRG,600115,CHINA EASTERN AIRLINES CORP LTD A,0.01,Industrials,China
EMRG,002027,FOCUS MEDIA INFORMATION TECHNOLOGY,0.01,Communication,China
EMRG,601231,UNIVERSAL SCIENTIFIC INDUSTRIAL (S,0.01,Information Technology,China
EMRG,601825,SHANGHAI RURAL COMMERCIAL BANK LTD,0.01,Financials,China
EMRG,688249,NEXCHIP SEMICONDUCTOR CORP A,0.01,Information Technology,China
EMRG,300223,INGENIC SEMICONDUCTOR LTD A,0.01,Information Technology,China
EMRG,601168,WESTERN MINING LTD A,0.01,Materials,China
EMRG,603228,SHENZHEN KINWONG ELECTRONIC LTD A,0.01,Information Technology,China
EMRG,600011,HUANENG POWER INTERNATIONAL INC A,0.01,Utilities,China
EMRG,002648,SATELLITE CHEMICAL LTD A,0.01,Materials,China
EMRG,688347,HUA HONG SEMICONDUCTOR LTD A,0.01,Information Technology,China
EMRG,BREN,BARITO RENEWABLES ENERGY,0.01,Utilities,Indonesia
EMRG,BRMS,BUMI RESOURCES MINERALS,0.01,Materials,Indonesia
EMRG,1020,BANK ALJAZIRA,0.01,Financials,Saudi Arabia
EMRG,SBICARD,SBI CARDS & PAYMENT SERVICES LTD,0.01,Financials,India
EMRG,601211,GUOTAI HAITONG SECURITIES LTD A,0.01,Financials,China
EMRG,PSSA3,PORTO SEGURO SA,0.01,Financials,Brazil
EMRG,AMMN,AMMAN MINERAL INTERNASIONAL,0.01,Materials,Indonesia
EMRG,2883,CHINA OILFIELD SERVICES LTD H,0.01,Energy,China
EMRG,390,CHINA RAILWAY GROUP LTD H,0.01,Industrials,China
EMRG,BALKRISIND,BALKRISHNA INDUSTRIES LTD,0.01,Consumer Discretionary,India
EMRG,1044,HENGAN INTERNATIONAL GROUP LTD,0.01,Consumer Staples,China
EMRG,DUBK,DUKHAN BANK,0.01,Financials,Qatar
EMRG,TTB.R,TMBTHANACHART BANK NON-VOTING DR P,0.01,Financials,Thailand
EMRG,601988,BANK OF CHINA LTD A,0.01,Financials,China
EMRG,002142,BANK OF NINGBO LTD A,0.01,Financials,China
EMRG,600406,NARI TECHNOLOGY LTD A,0.01,Industrials,China
EMRG,6181,LAOPU GOLD LTD H,0.01,Consumer Discretionary,China
EMRG,2615,WAN HAI LINES LTD,0.01,Industrials,Taiwan
EMRG,000001,PING AN BANK LTD A,0.01,Financials,China
EMRG,600919,BANK OF JIANGSU CORPORATION LTD A,0.01,Financials,China
EMRG,1585,YADEA GROUP HOLDINGS LTD,0.01,Consumer Discretionary,China
EMRG,300433,LENS TECHNOLOGY LTD A,0.01,Information Technology,China
EMRG,INR,INR CASH,0.01,Cash and/or Derivatives,India
EMRG,1111,SAUDI TADAWUL GROUP CO,0.01,Financials,Saudi Arabia
EMRG,1908,C D INTERNATIONAL INVESTMENT GROUP,0.01,Real Estate,China
EMRG,002714,MUYUAN FOODS GROUP LTD A,0.01,Consumer Staples,China
EMRG,000725,BOE TECHNOLOGY GROUP LTD A,0.01,Information Technology,China
EMRG,2382,ADES HOLDING CO,0.01,Energy,Saudi Arabia
EMRG,2610,CHINA AIRLINES LTD,0.01,Industrials,Taiwan
EMRG,MXN,MXN CASH,0.01,Cash and/or Derivatives,Mexico
EMRG,2228,XTALPI HOLDINGS LTD,0.01,Health Care,China
EMRG,4002,AL MOUWASAT MEDICAL SERVICES,0.01,Health Care,Saudi Arabia
EMRG,2311004D,VEDANTA ALUMINIUM,0.01,Materials,India
EMRG,-,MALCO ENERGY LTD (PROPOSED),0.01,Materials,India
EMRG,STLTIN,TALWANDI SABO POWER LTD,0.01,Utilities,India
EMRG,STLTIN,TALWANDI SABO,0.01,Utilities,India
EMRG,2380,CHINA POWER INTERNATIONAL DEVELOPM,0.01,Utilities,China
EMRG,326030,SK BIOPHARMACEUTICALS LTD,0.01,Health Care,Korea (South)
EMRG,443060,HD HYUNDAI MARINE SOLUTION LTD,0.01,Industrials,Korea (South)
EMRG,601939,CHINA CONSTRUCTION BANK CORP A,0.01,Financials,China
EMRG,301308,SHENZHEN LONGSYS ELECTRONICS LTD A,0.01,Information Technology,China
EMRG,QEWS,NEBRAS ENERGY,0.01,Utilities,Qatar
EMRG,HYUNDAI,HYUNDAI MOTOR INDIA LTD,0.01,Consumer Discretionary,India
EMRG,688072,PIOTECH INC A,0.01,Information Technology,China
EMRG,601668,CHINA STATE CONSTRUCTION ENGINEERI,0.01,Industrials,China
EMRG,ALI,AYALA LAND INC,0.01,Real Estate,Philippines
EMRG,4263,SAL SAUDI LOGISTICS SERVICE CO,0.01,Industrials,Saudi Arabia
EMRG,600989,NINGXIA BAOFENG ENERGY GROUP LTD A,0.01,Materials,China
EMRG,300033,HITHINK ROYALFLUSH INFORMATION NET,0.01,Financials,China
EMRG,1882,HAITIAN INTERNATIONAL LTD,0.01,Industrials,China
EMRG,2026,PONY AI INC,0.01,Information Technology,China
EMRG,300760,SHENZHEN MINDRAY BIO-MEDICAL ELECT,0.01,Health Care,China
EMRG,968,XINYI SOLAR HOLDINGS LTD,0.01,Information Technology,China
EMRG,600111,CHINA NORTHERN RARE EARTH (GROUP),0.01,Materials,China
EMRG,180640,HANJIN KAL,0.01,Consumer Discretionary,Korea (South)
EMRG,601919,COSCO SHIPPING HOLDINGS LTD A,0.01,Industrials,China
EMRG,002281,ACCELINK TECHNOLOGIES LTD A,0.01,Information Technology,China
EMRG,KALYANKJIL,KALYAN JEWELLERS INDIA LTD,0.01,Consumer Discretionary,India
EMRG,TEL,PLDT INC,0.01,Communication,Philippines
EMRG,9896,MINISO GROUP HOLDING LTD,0.01,Consumer Discretionary,China
EMRG,600487,HENGTONG OPTIC ELECTRIC LTD A,0.01,Information Technology,China
EMRG,6186,CHINA FEIHE LTD,0.01,Consumer Staples,China
EMRG,601985,CHINA NATIONAL NUCLEAR POWER LTD A,0.01,Utilities,China
EMRG,000792,QINGHAI SALT LAKE INDUSTRY LTD A,0.01,Materials,China
EMRG,CNH,CNH CASH,0.01,Cash and/or Derivatives,China
EMRG,032640,LG UPLUS CORP,0.01,Communication,Korea (South)
EMRG,QL,QL RESOURCES,0.01,Consumer Staples,Malaysia
EMRG,PHP,PHP CASH,0.01,Cash and/or Derivatives,Philippines
EMRG,2474,CATCHER TECHNOLOGY LTD,0.01,Information Technology,Taiwan
EMRG,603288,FOSHAN HAI TIAN FLAVOURING & FOOD,0.01,Consumer Staples,China
EMRG,001309,SHENZHEN TECHWINSEMI TECHNOLOGY LT,0.01,Information Technology,China
EMRG,CMPC,EMPRESAS CMPC SA,0.01,Materials,Chile
EMRG,000988,HUAGONG TECH LTD A,0.01,Information Technology,China
EMRG,600887,INNER MONGOLIA YILI INDUSTRIAL GRO,0.01,Consumer Staples,China
EMRG,002352,S.F. HOLDING LTD A,0.01,Industrials,China
EMRG,601688,HUATAI SECURITIES LTD A,0.01,Financials,China
EMRG,600809,SHANXI XINGHUACUN FEN WINE FACTORY,0.01,Consumer Staples,China
EMRG,9899,NETEASE CLOUD MUSIC INC,0.01,Communication,China
EMRG,2367,GIANT BIOGENE HOLDING LTD,0.01,Consumer Staples,China
EMRG,600176,CHINA JUSHI LTD A,0.01,Materials,China
EMRG,601600,ALUMINUM CORPORATION OF CHINA LTD,0.01,Materials,China
EMRG,601100,JIANGSU HENGLI HYDRAULIC LTD A,0.01,Industrials,China
EMRG,TMGH,TALAAT MOUSTAFA GROUP,0.01,Real Estate,Egypt
EMRG,605117,NINGBO DEYE TECHNOLOGY LTD A,0.01,Industrials,China
EMRG,CLP,CLP CASH,0.01,Cash and/or Derivatives,Chile
EMRG,601658,POSTAL SAVINGS BANK OF CHINA LTD A,0.01,Financials,China
EMRG,688525,BIWIN STORAGE TECHNOLOGY LTD A,0.01,Information Technology,China
EMRG,7202,ARABIAN INTERNET AND COMMUNICATION,0.01,Information Technology,Saudi Arabia
EMRG,600584,JCET GROUP LTD A,0.01,Information Technology,China
EMRG,MRDIY,MR D.I.Y. GROUP (M),0.01,Consumer Discretionary,Malaysia
EMRG,002353,YANTAI JEREH OILFIELD SERVICES GRO,0.01,Energy,China
EMRG,600031,SANY HEAVY INDUSTRY LTD A,0.01,Industrials,China
EMRG,000657,CHINA TUNGSTEN AND HIGHTECH MATERI,0.01,Materials,China
EMRG,772,CHINA LITERATURE LTD,0.01,Communication,China
EMRG,300604,HANGZHOU CHANG CHUAN TECHNOLOGY LT,0.01,Information Technology,China
EMRG,000063,ZTE CORP A,0.01,Information Technology,China
EMRG,601818,CHINA EVERBRIGHT BANK LTD A,0.01,Financials,China
EMRG,000776,GF SECURITIES LTD A,0.01,Financials,China
EMRG,600089,TBEA LTD A,0.01,Industrials,China
EMRG,AMRT,PT SUMBER ALFARIA TRIJAYA,0.01,Consumer Staples,Indonesia
EMRG,600028,CHINA PETROLEUM & CHEMICAL CORP A,0.01,Energy,China
EMRG,600050,CHINA UNITED NETWORK COMMUNICATION,0.01,Communication,China
EMRG,688498,YUANJIE SEMICONDUCTOR TECHNOLOGY L,0.01,Information Technology,China
EMRG,002460,GANFENG LITHIUM GROUP LTD A,0.01,Materials,China
EMRG,601127,SERES GROUP LTD A,0.01,Consumer Discretionary,China
EMRG,CHDRAUIB,GRUPO COMERCIAL CHEDRAUI,0.01,Consumer Staples,Mexico
EMRG,000568,LUZHOU LAO JIAO LTD A,0.01,Consumer Staples,China
EMRG,300014,EVE ENERGY LTD A,0.01,Industrials,China
EMRG,688521,VERISILICON MICROELECTRONICS (SHAN,0.01,Information Technology,China
EMRG,000408,ZANGGE MINING LTD A,0.01,Materials,China
EMRG,601766,CRRC CORP LTD A,0.01,Industrials,China
EMRG,600690,HAIER SMART HOME LTD A,0.01,Consumer Discretionary,China
EMRG,601009,BANK OF NANJING LTD A,0.01,Financials,China
EMRG,1066,SHANDONG WEIGAO GP MEDICAL POLYMER,0.01,Health Care,China
EMRG,601872,CHINA MERCHANTS ENERGY SHIPPING LT,0.01,Energy,China
EMRG,600522,JIANGSU ZHONGTIAN TECHNOLOGY LTD A,0.01,Industrials,China
EMRG,ZAR,ZAR CASH,0.01,Cash and/or Derivatives,South Africa
EMRG,600019,BAOSHAN IRON & STEEL LTD A,0.01,Materials,China
EMRG,601229,BANK OF SHANGHAI LTD A,0.01,Financials,China
EMRG,603501,OMNIVISION INTEGRATED CIRCUITS GRO,0.01,Information Technology,China
EMRG,HUF,HUF CASH,0.01,Cash and/or Derivatives,Hungary
EMRG,600999,CHINA MERCHANTS SECURITIES LTD A,0.01,Financials,China
EMRG,600016,CHINA MINSHENG BANKING CORP LTD A,0.01,Financials,China
EMRG,600905,CHINA THREE GORGES RENEWABLES(GROU,0.01,Utilities,China
EMRG,601336,NEW CHINA LIFE INSURANCE LTD A,0.01,Financials,China
EMRG,600346,HENGLI PETROCHEMICAL LTD A,0.01,Materials,China
EMRG,600188,YANKUANG ENERGY GROUP LTD A,0.01,Energy,China
EMRG,2357,AVICHINA INDUSTRY & TECHNOLOGY LTD,0.01,Industrials,China
EMRG,002080,SINOMA SCIENCE & TECHNOLOGY LTD A,0.01,Materials,China
EMRG,601689,NINGBO TUOPU GROUP CLS LTD A,0.01,Consumer Discretionary,China
EMRG,002493,RONGSHENG PETRO CHEMICAL LTD A,0.01,Materials,China
EMRG,300857,SHARETRONIC DATA TECHNOLOGY LTD A,0.01,Information Technology,China
EMRG,300442,RANGE INTELLIGENT COMPUTING TECHNO,0.01,Information Technology,China
EMRG,JFC,JOLLIBEE FOODS CORP,0.01,Consumer Discretionary,Philippines
EMRG,600893,AECC AVIATION POWER LTD A,0.01,Industrials,China
EMRG,600926,BANK OF HANGZHOU LTD A,0.01,Financials,China
EMRG,688111,BEIJING KINGSOFT OFFICE SOFTWARE I,0.01,Information Technology,China
EMRG,EAST,EASTERN CO.,0.01,Consumer Staples,Egypt
EMRG,002230,IFLYTEK LTD A,0.01,Information Technology,China
EMRG,000807,YUNNAN ALUMINIUM LTD A,0.01,Materials,China
EMRG,600875,DONGFANG ELECTRIC CORP LTD A,0.01,Industrials,China
EMRG,601995,CHINA INTERNATIONAL CAPITAL CORP L,0.01,Financials,China
EMRG,000425,XCMG CONSTRUCTION MACHINERY LTD A,0.01,Industrials,China
EMRG,600010,INNER MONGOLIA BAOTOU STEEL UNION,0.01,Materials,China
EMRG,002600,LINGYI ITECH (GUANGDONG) A,0.01,Information Technology,China
EMRG,600660,FUYAO GLASS INDUSTRY GROUP LTD A,0.01,Consumer Discretionary,China
EMRG,1402,FAR EASTERN NEW CENTURY CORP,0.01,Industrials,Taiwan
EMRG,002709,GUANGZHOU TINCI MATERIALS TECHNOLO,0.01,Materials,China
EMRG,600489,ZHONGJIN GOLD CORP LTD A,0.01,Materials,China
EMRG,601727,SHANGHAI ELECTRIC GROUP LTD A,0.01,Industrials,China
EMRG,300136,SHENZHEN SUNWAY COMMUNICATION LTD,0.01,Information Technology,China
EMRG,601888,CHINA TOURISM GROUP DUTY FREE CORP,0.01,Consumer Discretionary,China
EMRG,600673,GUANGDONG HEC TECHNOLOGY HOLDING L,0.01,Materials,China
EMRG,601390,CHINA RAILWAY GROUP LTD A,0.01,Industrials,China
EMRG,002602,ZHEJIANG CENTURY HUATONG GROUP LTD,0.01,Communication,China
EMRG,2633,TAIWAN HIGH SPEED RAIL CORP,0.01,Industrials,Taiwan
EMRG,600547,SHANDONG GOLD-MINING LTD A,0.01,Materials,China
EMRG,601012,LONGI GREEN ENERGY TECHNOLOGY LTD,0.01,Information Technology,China
EMRG,603799,ZHEJIANG HUAYOU COBALT LTD A,0.01,Industrials,China
EMRG,000166,SHENWAN HONGYUAN GROUP LTD A,0.01,Financials,China
EMRG,002156,TONGFU MICROELECTRONICS LTD A,0.01,Information Technology,China
EMRG,600886,SDIC POWER HOLDINGS LTD A,0.01,Utilities,China
EMRG,300757,ROBOTECHNIK INTELLIGENT TECHNOLOGY,0.01,Industrials,China
EMRG,000651,GREE ELECTRIC APPLIANCES INC OF ZH,0.01,Consumer Discretionary,China
EMRG,300124,SHENZHEN INOVANCE TECHNOLOGY LTD A,0.01,Industrials,China
EMRG,688120,HWATSING TECHNOLOGY LTD A,0.01,Information Technology,China
EMRG,688271,SHANGHAI UNITED IMAGING HEALTHCARE,0.01,Health Care,China
EMRG,601868,CHINA ENERGY ENGINEERING CORP LTD,0.01,Industrials,China
EMRG,601169,BANK OF BEIJING LTD A,0.01,Financials,China
EMRG,600160,ZHEJIANG JU HUA LTD A,0.01,Materials,China
EMRG,601991,DATANG INTERNATIONAL POWER GENERAT,0.01,Utilities,China
EMRG,002050,ZHEJIANG SANHUA INTELLIGENT CONTRO,0.01,Industrials,China
EMRG,601006,DAQIN RAILWAY LTD A,0.01,Industrials,China
EMRG,000977,INSPUR ELECTRONIC INFORMATION INDU,0.01,Information Technology,China
EMRG,000100,TCL TECHNOLOGY GROUP CORP A,0.01,Information Technology,China
EMRG,JUBLFOOD,JUBILANT FOODWORKS LTD,0.01,Consumer Discretionary,India
EMRG,002466,TIANQI LITHIUM INDUSTRIES CORP A,0.01,Materials,China
EMRG,601066,CHINA SECURITIES LTD A,0.01,Financials,China
EMRG,605499,EASTROC BEVERAGE (GROUP) LTD A,0.01,Consumer Staples,China
EMRG,002001,ZHEJIANG NHU LTD A,0.01,Materials,China
EMRG,002241,GOERTEK INC A,0.01,Information Technology,China
EMRG,002837,SHENZHEN ENVICOOL TECHNOLOGY LTD A,0.01,Industrials,China
EMRG,300475,SHANNON SEMICONDUCTOR TECHNOLOGY L,0.01,Information Technology,China
EMRG,688183,SHENGYI ELECTRONICS LTD A,0.01,Information Technology,China
EMRG,600795,GD POWER DEVELOPMENT LTD A,0.01,Utilities,China
EMRG,601669,POWER CONSTRUCTION CORPORATION OF,0.01,Industrials,China
EMRG,601628,CHINA LIFE INSURANCE LTD A,0.01,Financials,China
EMRG,600362,JIANGXI COPPER LTD A,0.01,Materials,China
EMRG,YTL,YTL CORPORATION,0.01,Utilities,Malaysia
EMRG,688126,NATIONAL SILICON INDUSTRY GROUP LT,0.01,Information Technology,China
EMRG,300498,WENS FOODSTUFF GROUP LTD,0.01,Consumer Staples,China
EMRG,601881,CHINA GALAXY SECURITIES LTD A,0.01,Financials,China
EMRG,600104,SAIC MOTOR CORP LTD A,0.01,Consumer Discretionary,China
EMRG,000538,YUNNAN BAIYAO GROUP LTD A,0.01,Health Care,China
EMRG,601179,CHINA XD ELECTRIC LTD A,0.01,Industrials,China
EMRG,603296,HUAQIN TECHNOLOGY LTD A,0.01,Information Technology,China
EMRG,002625,KUANG-CHI TECHNOLOGIES LTD A,0.01,Industrials,China
EMRG,688396,CHINA RESOURCES MICROELECTRONICS L,0.01,Information Technology,China
EMRG,300015,AIER EYE HOSPITAL GROUP LTD A,0.01,Health Care,China
EMRG,600703,SANAN OPTOELECTRONICS LTD A,0.01,Information Technology,China
EMRG,300661,SG MICRO CORP A,0.01,Information Technology,China
EMRG,600418,ANHUI JIANGHUAI AUTOMOBILE CORP LT,0.01,Consumer Discretionary,China
EMRG,600015,HUA XIA BANK LTD A,0.01,Financials,China
EMRG,000630,TONGLING NONFERROUS METALS GROUP L,0.01,Materials,China
EMRG,603893,ROCKCHIP ELECTRONICS LTD A,0.01,Information Technology,China
EMRG,000301,JIANGSU EASTERN SHENGHONG LTD A,0.01,Materials,China
EMRG,002202,GOLDWIND SCIENCE&TECHNOLOGY LTD A,0.01,Industrials,China
EMRG,601958,JINDUICHENG MOLYBDENUM LTD A,0.01,Materials,China
EMRG,600023,ZHEJIANG ZHENENG ELECTRIC POWER LT,0.01,Utilities,China
EMRG,600436,ZHANGZHOU PIENTZEHUANG PHARMACEUTI,0.01,Health Care,China
EMRG,600958,ORIENT SECURITIES LTD A,0.01,Financials,China
EMRG,SAR,SAR CASH(COMMITTED),-0.04,Cash and/or Derivatives,Saudi Arabia
EMRG,USD,USD CASH,-0.35,Cash and/or Derivatives,United States
